{"cameraMode":{"drawMode":0,"name":"Shaded","section":"Shading Mode"},"sceneLighting":false,"audioPlay":false,"sceneViewState":{"showFog":true,"showMaterialUpdate":false,"showSkybox":true,"showFlares":true,"showImageEffects":true,"showParticleSystems":true},"in2DMode":false,"pivot":{"x":-0.001657724380493164,"y":0.8249266147613525,"z":-1.5098217725753785},"rotation":{"x":0.06010694056749344,"y":-0.15655875205993653,"z":0.009546027518808842,"w":0.9857917428016663},"size":3.884389877319336,"orthographic":false}