{"cameraMode":{"drawMode":0,"name":"Shaded","section":"Shading Mode"},"sceneLighting":true,"audioPlay":false,"sceneViewState":{"showFog":true,"showMaterialUpdate":false,"showSkybox":true,"showFlares":true,"showImageEffects":true,"showParticleSystems":true},"in2DMode":false,"pivot":{"x":-2.432332754135132,"y":4.067027568817139,"z":-1.1578177213668824},"rotation":{"x":0.002974173054099083,"y":0.9019550681114197,"z":0.006212015636265278,"w":-0.4317750334739685},"size":5.124601364135742,"orthographic":false}